[
    {
        "title": "Dashboard",
        "tabs": [
            {
                "name": "Dashboard",
                "value": "dashboard"
            }
        ]
    },
    {
        "title": "Sale Operation",
        "tabs": [
            {
                "name": "List Sale Operation",
                "value": "listSaleOperation"
            },
            {
                "name": "Add Sale",
                "value": "addSale"
            }
        ]
    },
    {
        "title": "Customer",
        "tabs": [
            {
                "name": "List Customer",
                "value": "listCustomer"
            },
            {
                "name": "Add Customer",
                "value": "addCustomer"
            }
        ]
    },
    {
        "title": "Agent",
        "tabs": [
            {
                "name": "List Agent",
                "value": "listAgent"
            },
            {
                "name": "Add Agent",
                "value": "addAgent"
            }
        ]
    },
    {
        "title": "Settlement Commission",
        "tabs": [
            {
                "name": "Settlement Commission",
                "value": "settlementCommission"
            },
            {
                "name": "Settle",
                "value": "settle"
            }
        ]
    },
    {
        "title": "Notification",
        "tabs": [
            {
                "name": "List Notification",
                "value": "listNotification"
            },
            {
                "name": "Send Notification",
                "value": "sendNotification"
            },
            {
                "name": "Send All Notification",
                "value": "sendAllNotification"
            }
        ]
    },
    {
        "title": "Report",
        "tabs": [
            {
                "name": "Commission Fee",
                "value": "commissionFee"
            },
            {
                "name": "Settlement Agent",
                "value": "settlementAgent"
            }
        ]
    },
    {
        "title": "Setting",
        "tabs": [
            {
                "name": "Affilate",
                "value": "affiliate"
            },
            {
                "name": "Product Type",
                "value": "productType"
            },
            {
                "name": "Payment Status",
                "value": "paymentStatus"
            },
            {
                "name": "User Role",
                "value": "userRole"
            },
            {
                "name": "User",
                "value": "user"
            }
        ]
    }
]